model,n_rows,n_cell_lines,n_drugs,rmse,mae,equal_drug_mean_rmse,median_within_drug_spearman,spearman_n_eligible_drugs,spearman_defined_drugs,rmse_sample_sd,mae_sample_sd,equal_drug_mean_rmse_sample_sd,median_within_drug_spearman_sample_sd,rmse_ci_low,rmse_ci_high,mae_ci_low,mae_ci_high,paired_rmse_delta_vs_per_drug_ridge_ci_low,paired_rmse_delta_vs_per_drug_ridge_ci_high,split_seed
per_drug_mean,13476,120,136,1.5855794394726812,1.2132723547429485,1.4989718110525576,,136,0,,,,,1.4989545902998227,1.6766353228220388,1.1408531404469888,1.2904423528369575,0.27292553376504192,0.39596231314275532,19
pooled_ridge,13476,120,136,1.345771785936321,1.0049667412583756,1.2826536183532331,0.60331823149242447,136,136,,,,,1.2940410120915564,1.3971450858322063,0.9643096826755736,1.0467478806115122,0.075685246783905702,0.11412182623899,19
per_drug_ridge,13476,120,136,1.2510188934130582,0.94154439687041835,1.1991292325955536,0.6259325658193875,136,136,,,,,1.1963704299529514,1.3033997409312039,0.89872529430911952,0.98393928479049364,0,0,19
mlp_seed_17,13476,120,136,1.3522367626964544,1.0213573282267163,1.3147104201753821,0.5781470338585819,136,136,,,,,1.2859317441159579,1.4185933786482097,0.96914773197967941,1.0766053171151679,0.061155760705300502,0.13987446215704741,19
mlp_seed_29,13476,120,136,1.3346904634206314,1.0116840905433957,1.2944500394978615,0.57505606126029685,136,136,,,,,1.270478142272834,1.398010955610639,0.95863731637185023,1.0678042772173275,0.046615639766500801,0.11918897901440489,19
mlp_seed_43,13476,120,136,1.3561334098879461,1.0254819396866639,1.3158458666854176,0.59401559198352483,136,136,,,,,1.2861644418568812,1.425732152126683,0.9687442221531084,1.0849608949181844,0.061463946695451098,0.14895340784033589,19
mlp_three_seed_mean,13476,120,136,1.347686878668344,1.0195077861522586,1.3083354421195537,0.58240622903413453,136,136,0.0114226123020074,0.0070824264668961001,0.0120385054790516,0.0101720946205215,1.2828598309991337,1.413670665657528,0.96725431910321236,1.075948355753916,0.058903043735309302,0.13299240560211209,19
per_drug_mean,13909,120,136,1.449622969431722,1.1155112930022095,1.3577059451649172,,131,0,,,,,1.379746035228653,1.5232478187735916,1.056955843835899,1.1764630872427948,0.18994452260991021,0.31185519043573162,23
pooled_ridge,13909,120,136,1.2988541417169108,0.99015951571986438,1.2433919354542713,0.51616778942982144,131,131,,,,,1.2492031228308522,1.3534587219490797,0.94923518557065045,1.0332679355289134,0.082337116308176805,0.12171991369105439,23
per_drug_ridge,13909,120,136,1.1974521055342533,0.90560846759497637,1.1319204527785105,0.56543266828124394,131,131,,,,,1.1456106474855561,1.2530553282536805,0.86317863232000125,0.95143365267414803,0,0,23
mlp_seed_17,13909,120,136,1.2779088281869408,0.97712709637084638,1.2342643405775011,0.54607958886033736,131,131,,,,,1.219029454366928,1.3403942608716639,0.92762139136390565,1.0314292336595423,0.048451245411949499,0.1129239911976672,23
mlp_seed_29,13909,120,136,1.270797851737703,0.96515909540585498,1.2238437753341562,0.53305117352828013,131,131,,,,,1.2143963886663451,1.332672316137447,0.91713201058835636,1.0164134297601062,0.046525455233922798,0.099286922293135793,23
mlp_seed_43,13909,120,136,1.3072091022379413,0.99495554533275044,1.2574682506558477,0.52887142828213285,131,131,,,,,1.2447864506004531,1.3732545439974289,0.94400370316198157,1.0524223812949207,0.076205102394534097,0.1431947390220184,23
mlp_three_seed_mean,13909,120,136,1.2853052607208617,0.97908057903648404,1.2385254555225016,0.53600073022358352,131,131,0.019299616613274999,0.0149939713870343,0.017212471077554099,0.0089752499210564995,1.2255996411506025,1.3476487806767836,0.93090317788257737,1.0330719537917463,0.058423880428472803,0.1173193964019921,23
per_drug_mean,13581,120,136,1.4911251000340275,1.1216399118899747,1.4090368753993081,,136,0,,,,,1.3926420895933838,1.59057312185459,1.0476927860002587,1.2005409594610736,0.15417060887603379,0.32905597334690828,29
pooled_ridge,13581,120,136,1.3480084596239297,1.0129123227844681,1.2826227022804717,0.43945170866920819,136,136,,,,,1.2907923656344842,1.4069484333153692,0.96970650062590802,1.0600334840124108,0.073859219541058799,0.1228175996981422,29
per_drug_ridge,13581,120,136,1.2501955251666066,0.94033213792447357,1.1925159398025846,0.50623796303102597,136,136,,,,,1.1893808262332997,1.3134822880059307,0.89532787165116001,0.98905853160991075,0,0,29
mlp_seed_17,13581,120,136,1.3153355822562065,0.98904469950661322,1.3039644737184712,0.45116832896024178,136,136,,,,,1.2347597132490842,1.3960888806822798,0.93096831777265243,1.0492229312399699,0.0142345110265619,0.1195217036423353,29
mlp_seed_29,13581,120,136,1.3180383387719934,0.98951191773969083,1.3078507792069081,0.45314862836546321,136,136,,,,,1.2483487650796803,1.3905950126477415,0.93810048821904002,1.0460608845551134,0.022886463252134899,0.11244802583666889,29
mlp_seed_43,13581,120,136,1.284143433356826,0.96400500759217678,1.2598898385780188,0.46423910810910979,136,136,,,,,1.2204916430067323,1.3501680384953367,0.91773160731532677,1.0149983222016683,0.0035880444781010998,0.066381815087957999,29
mlp_three_seed_mean,13581,120,136,1.3058391181283415,0.98085387494616016,1.290568363834466,0.45618535514493819,136,136,0.018837549640933801,0.014593417062272501,0.026639346398142201,0.0070446858723087003,1.2364408678524426,1.3773307848992489,0.93083222145104516,1.0356665524801494,0.015937474108404799,0.096675272551976096,29
per_drug_mean,13709,120,136,1.4779030338872576,1.1248143293733848,1.3880184541246248,,136,0,,,,,1.3967805314294943,1.5614805984988325,1.0607941450427347,1.1894896256649834,0.21938770320014009,0.35568760496716562,31
pooled_ridge,13709,120,136,1.3072858844410038,0.98885998846233636,1.2424070448012701,0.5232044623637544,136,136,,,,,1.2547885751810888,1.3570294863520067,0.94735308358518056,1.0290795082752553,0.095587777356687803,0.1367988019726919,31
per_drug_ridge,13709,120,136,1.1918097063286917,0.89347004239943717,1.1439228258217859,0.56520250585554666,136,136,,,,,1.1359692452431518,1.2462458257617419,0.85063144935461965,0.93735041578608203,0,0,31
mlp_seed_17,13709,120,136,1.2785042087309959,0.96444156606052922,1.2178601039805992,0.50818708318708306,136,136,,,,,1.2160780433574951,1.3395626877292717,0.91662825934651715,1.0118535384955052,0.055703151545378103,0.11681567655150379,31
mlp_seed_29,13709,120,136,1.2571520912195533,0.94457634885495922,1.2076651215888974,0.52421011433587117,136,136,,,,,1.1986732304515155,1.3161415200298761,0.89929377137014432,0.99095054461160359,0.037443765793488799,0.093157626460062495,31
mlp_seed_43,13709,120,136,1.2560263820199329,0.93920950585677476,1.2001750197525936,0.52349208197484864,136,136,,,,,1.1889697447611638,1.3202797678202942,0.88809136957962886,0.99056402149983158,0.028851970941407599,0.096948722797615905,31
mlp_three_seed_mean,13709,120,136,1.2638942273234941,0.94940914025742096,1.2085667484406968,0.51862975983260096,136,136,0.012665128220677099,0.0132921450521069,0.0088769504489337996,0.0090507466134016005,1.2028635695223164,1.3251297539236508,0.90204724975313344,0.99691604471896245,0.042324122969195202,0.10063548016770001,31
per_drug_mean,13415,120,136,1.557881148755311,1.1938181460717303,1.5000123013937137,,136,0,,,,,1.4674876550939997,1.6562291558634468,1.121334993677815,1.2753025611183817,0.2279334101879856,0.3624384300632868,37
pooled_ridge,13415,120,136,1.3583575407430108,1.016878022295586,1.2878854746928421,0.57179170302627935,136,136,,,,,1.2853203151708443,1.4410978401291197,0.96425124024613762,1.080855274421578,0.076585695510131904,0.1182453303493282,37
per_drug_ridge,13415,120,136,1.2614406843038914,0.94555907854026078,1.2245672979138351,0.59741570171829383,136,136,,,,,1.1848438766904441,1.3508603804074069,0.89083687262874156,1.0109052083825001,0,0,37
mlp_seed_17,13415,120,136,1.3501046010421398,1.0101613767721327,1.3188806965136883,0.57311618862420988,136,136,,,,,1.256403258934911,1.4525060342746705,0.94169128623546983,1.0873303327547628,0.049728149139355401,0.1249385616114965,37
mlp_seed_29,13415,120,136,1.333036004106857,0.99860068107044164,1.3179448101067035,0.59030331694514282,136,136,,,,,1.2385083865186439,1.4350166315671584,0.93003643339355158,1.076569391228785,0.0339084772429082,0.1074541877764891,37
mlp_seed_43,13415,120,136,1.3496855678186734,1.0107804056343539,1.3172336712119728,0.58300651121752034,136,136,,,,,1.2527303847519853,1.4565999019993716,0.94149246728615199,1.0891002017450959,0.046047635150516103,0.12886122542267889,37
mlp_three_seed_mean,13415,120,136,1.3442753909892236,1.0065141544923095,1.3180197259441215,0.58214200559562435,136,136,0.0097358492351321997,0.0068602547607229999,0.00082606438801390003,0.0086261157224887999,1.2504802607244545,1.4465110157818617,0.93903556377688802,1.0833332161066966,0.045330704965028099,0.11895161617683191,37
